Omavalitsus,Vaatlusperiood,"Asustustihedus, elanikku km2 kohta"
..Viru-Nigula vald,2013,5.18
..Viru-Nigula vald,2014,5.19547
..Viru-Nigula vald,2015,5.19912
..Viru-Nigula vald,2016,5.47992
..Väike-Maarja vald,2013,9.81241
..Väike-Maarja vald,2014,9.55879
..Väike-Maarja vald,2015,9.38483
..Väike-Maarja vald,2016,9.78897
..Põlva linn,2013,1062.34
..Ahja vald,2013,13.62
..Ahja vald,2014,13.6061
..Ahja vald,2015,13.35275
..Ahja vald,2016,13.83805
..Kanepi vald,2013,9.98
..Kanepi vald,2014,9.90364
..Kanepi vald,2015,9.84187
..Kanepi vald,2016,10.32576
..Kõlleste vald,2013,6.73
..Kõlleste vald,2014,6.68129
..Kõlleste vald,2015,6.65957
..Kõlleste vald,2016,6.79928
..Laheda vald,2013,13.18
..Laheda vald,2014,13.06439
..Laheda vald,2015,13.2874
..Laheda vald,2016,12.93745
..Mikitamäe vald,2013,8.78
..Mikitamäe vald,2014,8.70606
..Mikitamäe vald,2015,8.61986
..Mikitamäe vald,2016,8.99339
..Mooste vald,2013,7.28
..Mooste vald,2014,7.22774
..Mooste vald,2015,7.40881
..Mooste vald,2016,7.87355
..Orava vald,2013,3.91
..Orava vald,2014,3.90839
..Orava vald,2015,3.8867
..Orava vald,2016,4.09757
..Põlva vald,2013,16.2
..Põlva vald,2014,40.40581
..Põlva vald,2015,40.12037
..Põlva vald,2016,40.87164
..Räpina vald,2013,18.14
..Räpina vald,2014,17.95209
..Räpina vald,2015,17.41207
..Räpina vald,2016,17.62648
..Valgjärve vald,2013,9.61
..Valgjärve vald,2014,9.57908
..Valgjärve vald,2015,9.5991
..Valgjärve vald,2016,9.76702
..Vastse-Kuuste vald,2013,9.25
..Vastse-Kuuste vald,2014,9.29193
..Vastse-Kuuste vald,2015,9.23652
..Vastse-Kuuste vald,2016,9.47231
..Veriora vald,2013,6.66
..Veriora vald,2014,6.56122
..Veriora vald,2015,6.60745
..Veriora vald,2016,6.81705
..Värska vald,2013,6.21
..Värska vald,2014,6.25067
..Värska vald,2015,6.21806
..Värska vald,2016,7.0379
..Pärnu linn,2013,1252.82
..Pärnu linn,2014,1241.62011
..Pärnu linn,2015,1200.12066
..Pärnu linn,2016,1201.44796
..Sindi linn,2013,826.75
..Sindi linn,2014,816.16766
..Sindi linn,2015,797.41036
..Sindi linn,2016,775.0996
..Are vald,2013,7.53
..Are vald,2014,7.54481
..Are vald,2015,7.60428
..Are vald,2016,7.99825
..Audru vald,2013,13.71
..Audru vald,2014,14.53314
..Audru vald,2015,14.55659
..Audru vald,2016,14.73153
..Halinga vald,2013,8.04
..Halinga vald,2014,7.94363
..Halinga vald,2015,7.87989
..Halinga vald,2016,7.90191
..Häädemeeste vald,2013,6.33
..Häädemeeste vald,2014,6.19204
..Häädemeeste vald,2015,6.11461
..Häädemeeste vald,2016,6.45773
..Kihnu vald,2013,30.57
..Kihnu vald,2014,30.21327
..Kihnu vald,2015,28.96711
..Kihnu vald,2016,39.35372
..Koonga vald,2013,2.36
..Koonga vald,2014,2.3329
..Koonga vald,2015,2.29268
..Koonga vald,2016,2.39048
..Lavassaare vald,2013,57.13
..Paikuse vald,2013,20.93395
..Paikuse vald,2014,20.69989
..Paikuse vald,2015,20.71009
..Paikuse vald,2016,21.87268
..Saarde vald,2013,5.46
..Saarde vald,2014,5.36083
..Saarde vald,2015,5.27647
..Saarde vald,2016,5.50546
..Sauga vald,2013,27.34347
..Sauga vald,2014,26.97872
..Sauga vald,2015,27.08662
..Sauga vald,2016,24.72968
..Surju vald,2013,2.67
..Surju vald,2014,2.63077
..Surju vald,2015,2.61478
..Surju vald,2016,2.63718
..Tahkuranna vald,2013,23.18
..Tahkuranna vald,2014,23.06502
..Tahkuranna vald,2015,23.0421
..Tahkuranna vald,2016,22.65678
..Tootsi vald,2013,423.86
..Tootsi vald,2014,425.56818
..Tootsi vald,2015,413.48315
..Tootsi vald,2016,435.39326
..Tori vald,2013,8.05
..Tori vald,2014,7.95902
..Tori vald,2015,8.09448
..Tori vald,2016,8.11934
..Tõstamaa vald,2013,4.79
..Tõstamaa vald,2014,4.79675
..Tõstamaa vald,2015,4.74492
..Tõstamaa vald,2016,5.00575
..Varbla vald,2013,2.57
..Varbla vald,2014,2.54931
..Varbla vald,2015,2.50414
..Varbla vald,2016,2.62202
..Vändra vald,2013,4.05
..Vändra vald,2014,3.99084
..Vändra vald,2015,3.92377
..Vändra vald,2016,4.15577
..Vändra vald (alev),2013,703.05
..Vändra vald (alev),2014,691.46341
..Vändra vald (alev),2015,680.06135
..Vändra vald (alev),2016,672.08589
..Juuru vald,2013,9.99
..Juuru vald,2014,9.79003
..Juuru vald,2015,9.67594
..Juuru vald,2016,9.37418
..Järvakandi vald,2013,265.01
..Järvakandi vald,2014,257.14286
..Järvakandi vald,2015,253.19588
..Järvakandi vald,2016,258.96907
..Kaiu vald,2013,4.98
..Kaiu vald,2014,4.83797
..Kaiu vald,2015,4.71138
..Kaiu vald,2016,4.79948
..Kehtna vald,2013,8.69
..Kehtna vald,2014,8.65957
..Kehtna vald,2015,8.54467
..Kehtna vald,2016,8.68665
..Kohila vald,2013,32.04
..Kohila vald,2014,31.72893
..Kohila vald,2015,31.59359
..Kohila vald,2016,29.42071
..Käru vald,2013,2.87
..Käru vald,2014,2.88958
..Käru vald,2015,2.88493
..Käru vald,2016,2.83374
..Märjamaa vald,2013,7.62
..Märjamaa vald,2014,7.48606
..Märjamaa vald,2015,7.48648
..Märjamaa vald,2016,7.51069
..Raikküla vald,2013,7.09
..Raikküla vald,2014,6.88671
..Raikküla vald,2015,6.7639
..Raikküla vald,2016,6.6329
..Rapla vald,2013,37.47
..Rapla vald,2014,37.36286
..Rapla vald,2015,37.19334
..Rapla vald,2016,37.68235
..Vigala vald,2013,4.53
..Vigala vald,2014,4.44387
..Vigala vald,2015,4.3978
..Vigala vald,2016,4.5313
..Kuressaare linn,2013,892.24
..Kuressaare linn,2014,879.73244
..Kuressaare linn,2015,839.29032
..Kuressaare linn,2016,867.67742
..Kaarma vald,2013,11.36
..Kaarma vald,2014,11.51812
..Kihelkonna vald,2013,2.66
..Kihelkonna vald,2014,2.61852
..Kihelkonna vald,2015,2.57921
..Kihelkonna vald,2016,3.02725
..Kärla vald,2013,7.57
..Kärla vald,2014,7.5504
..Laimjala vald,2013,5.37
..Laimjala vald,2014,5.52928
..Laimjala vald,2015,5.36569
..Laimjala vald,2016,5.91251
..Leisi vald,2013,5.24
..Leisi vald,2014,5.19805
..Leisi vald,2015,5.18684
..Leisi vald,2016,5.65681
..Lääne-Saare vald,2015,8.64387
..Lääne-Saare vald,2016,8.75507
..Lümanda vald,2013,3.84
..Lümanda vald,2014,3.94005
..Muhu vald,2013,7.42
..Muhu vald,2014,7.58781
..Muhu vald,2015,7.49363
..Muhu vald,2016,8.66721
..Mustjala vald,2013,2.67
..Mustjala vald,2014,2.57782
..Mustjala vald,2015,2.57944
..Mustjala vald,2016,2.80005
..Orissaare vald,2013,10.37
..Orissaare vald,2014,10.35456
..Orissaare vald,2015,10.46327
..Orissaare vald,2016,11.16612
..Pihtla vald,2013,5.77
..Pihtla vald,2014,5.91381
..Pihtla vald,2015,5.8875
..Pihtla vald,2016,6.08418
..Pöide vald,2013,6.5
..Pöide vald,2014,6.40071
..Pöide vald,2015,6.159
..Pöide vald,2016,6.85198
..Ruhnu vald,2013,5.81
..Ruhnu vald,2014,7.45234
..Ruhnu vald,2015,8.15126
..Ruhnu vald,2016,11.59664
..Salme vald,2013,9.06
..Salme vald,2014,8.95107
..Salme vald,2015,8.82022
..Salme vald,2016,10.10993
..Torgu vald,2013,2.04
..Torgu vald,2014,2.25403
..Torgu vald,2015,2.28134
..Torgu vald,2016,2.67603
..Valjala vald,2013,6.59
..Valjala vald,2014,6.54372
..Valjala vald,2015,6.6663
..Valjala vald,2016,7.33681
..Elva linn,2013,572.10473
..Elva linn,2014,569.68781
..Elva linn,2015,571.74571
..Elva linn,2016,573.05752
..Kallaste linn,2013,439.38
..Kallaste linn,2014,438.34197
..Kallaste linn,2015,362.38938
..Kallaste linn,2016,357.52212
..Tartu linn,2013,2564.9
..Tartu linn,2014,2537.34536
..Tartu linn,2015,2497.61355
..Tartu linn,2016,2404.08006
..Alatskivi vald,2013,10.06
..Alatskivi vald,2014,9.9003
..Alatskivi vald,2015,10.01634
..Alatskivi vald,2016,9.95408
..Haaslava vald,2013,18.37
..Haaslava vald,2014,18.43301
..Haaslava vald,2015,18.47806
..Haaslava vald,2016,17.94102
..Kambja vald,2013,14.07
..Kambja vald,2014,14.05243
..Kambja vald,2015,14.18139
..Kambja vald,2016,13.75278
..Konguta vald,2013,12.55
..Konguta vald,2014,12.59294
..Konguta vald,2015,12.69635
..Konguta vald,2016,13.27261
..Laeva vald,2013,3.39
..Laeva vald,2014,3.41796
..Laeva vald,2015,3.33562
..Laeva vald,2016,3.19842
..Luunja vald,2013,32.94
..Luunja vald,2014,33.25224
..Luunja vald,2015,33.38139
..Luunja vald,2016,30.35362
..Meeksi vald,2013,3.78
..Meeksi vald,2014,3.73571
..Meeksi vald,2015,3.68747
..Meeksi vald,2016,4.05622
..Mäksa vald,2013,12.53
..Mäksa vald,2014,12.60208
..Mäksa vald,2015,12.49625
..Mäksa vald,2016,11.97183
..Nõo vald,2013,23.81
..Nõo vald,2014,23.76273
..Nõo vald,2015,23.76249
..Nõo vald,2016,23.19475
..Peipsiääre vald,2013,22.88
..Peipsiääre vald,2014,22.61712
..Peipsiääre vald,2015,21.17794
..Peipsiääre vald,2016,20.67669
..Piirissaare vald,2013,7.35
..Piirissaare vald,2014,8.37629
..Piirissaare vald,2015,7.15909
..Piirissaare vald,2016,11.25
..Puhja vald,2013,13.44
..Puhja vald,2014,13.32816
..Puhja vald,2015,13.26122
..Puhja vald,2016,13.30305
..Rannu vald,2013,9.68
..Rannu vald,2014,9.64496
..Rannu vald,2015,9.69832
..Rannu vald,2016,10.04128
..Rõngu vald,2013,17.40772
..Rõngu vald,2014,17.34681
..Rõngu vald,2015,17.14338
..Rõngu vald,2016,16.39324
..Tartu vald,2013,23.77
..Tartu vald,2014,24.03584
..Tartu vald,2015,24.73244
..Tartu vald,2016,23.03204
..Tähtvere vald,2013,25.86
..Tähtvere vald,2014,25.79493
..Tähtvere vald,2015,25.34122
..Tähtvere vald,2016,21.9508
..Vara vald,2013,5.63
..Vara vald,2014,5.6649
..Vara vald,2015,5.66117
..Vara vald,2016,5.51424
..Võnnu vald,2013,4.97
..Võnnu vald,2014,4.95637
..Võnnu vald,2015,4.94347
..Võnnu vald,2016,4.77153
..Ülenurme vald,2013,90.58
..Ülenurme vald,2014,91.81239
..Ülenurme vald,2015,94.45154
..Ülenurme vald,2016,82.03134
..Tõrva linn,2013,573.54
..Tõrva linn,2014,565.83333
..Tõrva linn,2015,561.58664
..Tõrva linn,2016,588.72651
..Valga linn,2013,766.81
..Valga linn,2014,751.9347
..Valga linn,2015,741.86186
..Valga linn,2016,758.67868
..Helme vald,2013,6.13
..Helme vald,2014,6.01797
..Helme vald,2015,5.9555
..Helme vald,2016,6.3455
..Hummuli vald,2013,5.15
..Hummuli vald,2014,5.07068
..Hummuli vald,2015,4.99569
..Hummuli vald,2016,5.10028
..Karula vald,2013,3.99
..Karula vald,2014,4.00139
..Karula vald,2015,4.14945
..Karula vald,2016,4.1712
..Otepää vald,2013,17.16
..Otepää vald,2014,17.19268
..Otepää vald,2015,17.15614
..Otepää vald,2016,17.82361
..Palupera vald,2013,10.51
..Palupera vald,2014,10.25267
..Palupera vald,2015,10.18488
..Palupera vald,2016,8.46578
..Puka vald,2013,7.74
..Puka vald,2014,7.62952
..Puka vald,2015,7.6134
..Puka vald,2016,7.8325
..Põdrala vald,2013,5.8
..Põdrala vald,2014,5.86386
..Põdrala vald,2015,5.65132
..Põdrala vald,2016,5.91106
..Sangaste vald,2013,9
..Sangaste vald,2014,8.93449
..Sangaste vald,2015,8.78733
..Sangaste vald,2016,8.76659
..Taheva vald,2013,3.7
..Taheva vald,2014,3.59551
..Taheva vald,2015,3.58468
..Taheva vald,2016,3.59445
..Tõlliste vald,2013,8.48
..Tõlliste vald,2014,8.40128
..Tõlliste vald,2015,8.21296
..Tõlliste vald,2016,8.19232
..Õru vald,2013,4.37
..Õru vald,2014,4.36777
..Õru vald,2015,4.26305
..Õru vald,2016,4.46377
..Mõisaküla linn,2013,377.27
..Mõisaküla linn,2014,366.36364
..Mõisaküla linn,2015,357.01357
..Mõisaküla linn,2016,357.46606
..Viljandi linn,2013,1220.04
..Viljandi linn,2014,1203.96717
..Viljandi linn,2015,1197.06685
..Viljandi linn,2016,1218.28104
..Võhma linn,2013,686.01
..Võhma linn,2014,664.2487
..Võhma linn,2015,662.37113
..Võhma linn,2016,677.31959
..Abja vald,2013,7.26
..Abja vald,2014,7.20857
..Abja vald,2015,7.10249
..Abja vald,2016,7.44021
..Halliste vald,2013,5.24
..Halliste vald,2014,5.28286
..Halliste vald,2015,5.23354
..Halliste vald,2016,5.54868
..Keila linn,2013,875.37778
..Keila linn,2014,866.75556
..Keila linn,2015,869.69697
..Keila linn,2016,853.56506
..Loksa linn,2013,724.93
..Loksa linn,2014,709.44882
..Loksa linn,2015,697.64398
..Loksa linn,2016,689.5288
..Maardu linn,2013,780.18
..Maardu linn,2014,760.7645
..Maardu linn,2015,731.27133
..Maardu linn,2016,645.39249
..Paldiski linn,2013,69.3
..Paldiski linn,2014,69.1873
..Paldiski linn,2015,67.67896
..Paldiski linn,2016,62.85667
..Saue linn,2013,1290.4328
..Saue linn,2014,1288.38269
..Saue linn,2015,1282.68793
..Saue linn,2016,1316.40091
..Tallinn,2013,2565.61
..Tallinn,2014,2597.22626
..Tallinn,2015,2597.33852
..Tallinn,2016,2657.83692
..Aegviidu vald,2013,60.99
..Aegviidu vald,2014,59.89975
..Aegviidu vald,2015,59.58159
..Aegviidu vald,2016,59.33054
..Anija vald,2013,11.15
..Anija vald,2014,11.02046
..Anija vald,2015,10.91234
..Anija vald,2016,10.50732
..Harku vald,2013,90.35645
..Harku vald,2014,90.27472
..Harku vald,2015,91.21494
..Harku vald,2016,84.61829
..Jõelähtme vald,2013,31.24
..Jõelähtme vald,2014,30.98738
..Jõelähtme vald,2015,30.96826
..Jõelähtme vald,2016,28.83024
..Keila vald,2013,30.09839
..Keila vald,2014,29.57849
..Keila vald,2015,29.59002
..Keila vald,2016,26.07509
..Kernu vald,2013,13.7
..Kernu vald,2014,13.45736
..Kernu vald,2015,13.24598
..Kernu vald,2016,11.38639
..Kiili vald,2013,51.43
..Kiili vald,2014,51.2703
..Kiili vald,2015,52.09205
..Kiili vald,2016,49.2628
..Kose vald,2013,24.11
..Kose vald,2014,13.57255
..Kose vald,2015,13.52914
..Kose vald,2016,13.26077
..Kuusalu vald,2013,9.22
..Kuusalu vald,2014,9.1252
..Kuusalu vald,2015,9.07028
..Kuusalu vald,2016,9.15626
..Kõue vald,2013,5.44
..Nissi vald,2013,11.07
..Nissi vald,2014,10.93538
..Nissi vald,2015,10.82612
..Nissi vald,2016,10.69769
..Padise vald,2013,4.29
..Padise vald,2014,4.29137
..Padise vald,2015,4.30655
..Padise vald,2016,4.66021
..Raasiku vald,2013,29.59
..Raasiku vald,2014,29.72429
..Raasiku vald,2015,29.87544
..Raasiku vald,2016,29.09537
..Rae vald,2013,77.64
..Rae vald,2014,78.52755
..Rae vald,2015,81.53504
..Rae vald,2016,76.38439
..Saku vald,2013,57.21
..Saku vald,2014,57.16707
..Saku vald,2015,57.75053
..Saku vald,2016,54.42384
..Saue vald,2013,55.50661
..Saue vald,2014,55.04047
..Saue vald,2015,55.8274
..Saue vald,2016,52.7256
..Vasalemma vald,2013,70.33
..Vasalemma vald,2014,68.67563
..Vasalemma vald,2015,67.55429
..Vasalemma vald,2016,63.75388
..Viimsi vald,2013,258.26
..Viimsi vald,2014,260.99671
..Viimsi vald,2015,262.06661
..Viimsi vald,2016,246.2599
..Kärdla linn,2013,687.33
..Emmaste vald,2013,5.7
..Emmaste vald,2014,5.65092
..Emmaste vald,2015,5.56448
..Emmaste vald,2016,6.02652
..Hiiu vald,2014,10.875
..Hiiu vald,2015,10.73928
..Hiiu vald,2016,11.73342
..Kõrgessaare vald,2013,2.91
..Käina vald,2013,10.02
..Käina vald,2014,9.94526
..Käina vald,2015,9.95336
..Käina vald,2016,10.99216
..Pühalepa vald,2013,5.68
..Pühalepa vald,2014,5.65277
..Pühalepa vald,2015,5.58384
..Pühalepa vald,2016,5.94521
..Kiviõli linn,2013,490.89
..Kiviõli linn,2014,479.57447
..Kiviõli linn,2015,466.04572
..Kiviõli linn,2016,459.69517
..Kohtla-Järve linn,2013,908.81
..Kohtla-Järve linn,2014,890.54345
..Kohtla-Järve linn,2015,876.75365
..Kohtla-Järve linn,2016,860.13886
..Narva linn,2013,708.4
..Narva linn,2014,698.4741
..Narva linn,2015,846.62799
..Narva linn,2016,844.14793
..Narva-Jõesuu linn,2013,245.06
..Narva-Jõesuu linn,2014,240.70716
..Narva-Jõesuu linn,2015,257.5906
..Narva-Jõesuu linn,2016,256.51322
..Püssi linn,2013,518.57
..Sillamäe linn,2013,1363.95
..Sillamäe linn,2014,1339.8482
..Sillamäe linn,2015,1193.50427
..Sillamäe linn,2016,1169.74359
..Alajõe vald,2013,3.3
..Alajõe vald,2014,3.55807
..Alajõe vald,2015,3.81756
..Alajõe vald,2016,5.33174
..Aseri vald,2013,26.63
..Aseri vald,2014,25.42449
..Aseri vald,2015,24.4749
..Aseri vald,2016,23.80456
..Avinurme vald,2013,6.78
..Avinurme vald,2014,6.5644
..Avinurme vald,2015,6.44078
..Avinurme vald,2016,6.54408
..Iisaku vald,2013,4.63
..Iisaku vald,2014,4.58815
..Iisaku vald,2015,4.55816
..Iisaku vald,2016,4.70958
..Illuka vald,2013,1.67
..Illuka vald,2014,1.67886
..Illuka vald,2015,1.70975
..Illuka vald,2016,1.85843
..Jõhvi vald,2013,103.63
..Jõhvi vald,2014,102.33758
..Jõhvi vald,2015,101.40402
..Jõhvi vald,2016,95.10207
..Kohtla vald,2013,14.28
..Kohtla vald,2014,14.12958
..Kohtla vald,2015,14.27446
..Kohtla vald,2016,15.29829
..Kohtla-Nõmme vald,2013,222.41
..Kohtla-Nõmme vald,2014,219.82759
..Kohtla-Nõmme vald,2015,215.55076
..Kohtla-Nõmme vald,2016,215.55076
..Lohusuu vald,2013,6.68
..Lohusuu vald,2014,6.76801
..Lohusuu vald,2015,6.57353
..Lohusuu vald,2016,6.7649
..Lüganuse vald,2013,13.02
..Lüganuse vald,2014,6.89797
..Lüganuse vald,2015,6.70558
..Lüganuse vald,2016,6.7147
..Maidla vald,2013,2.13
..Mäetaguse vald,2013,5.33
..Mäetaguse vald,2014,5.25189
..Mäetaguse vald,2015,5.34161
..Mäetaguse vald,2016,6.13075
..Sonda vald,2013,5.43
..Sonda vald,2014,5.47677
..Sonda vald,2015,5.32461
..Sonda vald,2016,5.69578
..Toila vald,2013,13.79
..Toila vald,2014,13.67907
..Toila vald,2015,13.52823
..Toila vald,2016,14.19181
..Tudulinna vald,2013,1.74
..Tudulinna vald,2014,1.71876
..Tudulinna vald,2015,1.70537
..Tudulinna vald,2016,1.60505
..Vaivara vald,2013,3.7
..Vaivara vald,2014,3.83949
..Vaivara vald,2015,3.89342
..Vaivara vald,2016,4.33452
..Jõgeva linn,2013,1433.42
..Jõgeva linn,2014,1413.73057
..Jõgeva linn,2015,1390.10152
..Jõgeva linn,2016,1355.32995
..Mustvee linn,2013,251.93
..Mustvee linn,2014,247.33945
..Mustvee linn,2015,226.80412
..Mustvee linn,2016,225.94502
..Põltsamaa linn,2013,703.84
..Põltsamaa linn,2014,692.48748
..Põltsamaa linn,2015,686.31052
..Põltsamaa linn,2016,696.82805
..Jõgeva vald,2013,9.4
..Jõgeva vald,2014,9.14342
..Jõgeva vald,2015,9.02018
..Jõgeva vald,2016,9.46694
..Kasepää vald,2013,28.99
..Kasepää vald,2014,28.60289
..Kasepää vald,2015,27.98651
..Kasepää vald,2016,28.58863
..Pajusi vald,2013,5.14
..Pajusi vald,2014,5.08453
..Pajusi vald,2015,4.95935
..Pajusi vald,2016,5.52712
..Pala vald,2013,6.87
..Pala vald,2014,6.75771
..Pala vald,2015,6.63943
..Pala vald,2016,6.99694
..Palamuse vald,2013,9.76
..Palamuse vald,2014,9.69057
..Palamuse vald,2015,9.5344
..Palamuse vald,2016,9.86796
..Puurmani vald,2013,4.93
..Puurmani vald,2014,4.88105
..Puurmani vald,2015,4.75426
..Puurmani vald,2016,5.15756
..Põltsamaa vald,2013,9.28
..Põltsamaa vald,2014,9.07717
..Põltsamaa vald,2015,8.97507
..Põltsamaa vald,2016,8.75909
..Saare vald,2013,5.25
..Saare vald,2014,5.17556
..Saare vald,2015,5.11553
..Saare vald,2016,4.96861
..Tabivere vald,2013,11.05
..Tabivere vald,2014,11.08782
..Tabivere vald,2015,11.0186
..Tabivere vald,2016,10.95877
..Torma vald,2013,5.4
..Torma vald,2014,5.43435
..Torma vald,2015,5.41865
..Torma vald,2016,5.59917
..Paide linn,2013,827.92
..Paide linn,2014,813.75872
..Paide linn,2015,796.04743
..Paide linn,2016,803.06324
..Albu vald,2013,4.44
..Albu vald,2014,4.42086
..Albu vald,2015,4.3688
..Albu vald,2016,4.57499
..Ambla vald,2013,11.9
..Ambla vald,2014,11.84139
..Ambla vald,2015,11.4946
..Ambla vald,2016,12.08283
..Imavere vald,2013,6.24
..Imavere vald,2014,6.0033
..Imavere vald,2015,6.13853
..Imavere vald,2016,6.42504
..Järva-Jaani vald,2013,12.01
..Järva-Jaani vald,2014,11.95395
..Järva-Jaani vald,2015,11.83712
..Järva-Jaani vald,2016,12.26326
..Kareda vald,2013,6.87
..Kareda vald,2014,6.6936
..Kareda vald,2015,6.55684
..Kareda vald,2016,6.34955
..Koeru vald,2013,9.23
..Koeru vald,2014,9.07863
..Koeru vald,2015,8.97387
..Koeru vald,2016,8.90634
..Koigi vald,2013,4.56
..Koigi vald,2014,4.46075
..Koigi vald,2015,4.36784
..Koigi vald,2016,4.67633
..Paide vald,2013,5.21
..Paide vald,2014,5.26298
..Paide vald,2015,5.17614
..Paide vald,2016,5.41233
..Roosna-Alliku vald,2013,7.58
..Roosna-Alliku vald,2014,7.31966
..Roosna-Alliku vald,2015,7.35472
..Roosna-Alliku vald,2016,7.84655
..Türi vald,2013,15.86
..Türi vald,2014,15.53414
..Türi vald,2015,15.45353
..Türi vald,2016,15.62902
..Väätsa vald,2013,6.56
..Väätsa vald,2014,6.53253
..Väätsa vald,2015,6.48319
..Väätsa vald,2016,6.56007
..Haapsalu linn,2013,988.86
..Haapsalu linn,2014,974.12653
..Haapsalu linn,2015,916.14067
..Haapsalu linn,2016,914.87827
..Hanila vald,2013,6.02
..Hanila vald,2014,5.92548
..Hanila vald,2015,5.75533
..Hanila vald,2016,6.10596
..Kullamaa vald,2013,5.06
..Kullamaa vald,2014,4.98374
..Kullamaa vald,2015,4.99265
..Kullamaa vald,2016,4.94811
..Lihula vald,2013,6.23
..Lihula vald,2014,6.12017
..Lihula vald,2015,5.84834
..Lihula vald,2016,6.04018
..Lääne-Nigula vald,2014,7.80353
..Lääne-Nigula vald,2015,7.76548
..Lääne-Nigula vald,2016,7.96792
..Martna vald,2013,2.94
..Martna vald,2014,2.88026
..Martna vald,2015,2.79379
..Martna vald,2016,2.80857
..Noarootsi vald,2013,2.36
..Noarootsi vald,2014,2.37212
..Noarootsi vald,2015,2.32995
..Noarootsi vald,2016,2.68587
..Nõva vald,2013,2.67
..Nõva vald,2014,2.61554
..Nõva vald,2015,2.60461
..Nõva vald,2016,2.75102
..Oru vald,2013,4.3
..Ridala vald,2013,12.77
..Ridala vald,2014,12.70705
..Ridala vald,2015,12.34658
..Ridala vald,2016,12.4463
..Risti vald,2013,4.89
..Taebla vald,2013,16.5
..Vormsi vald,2013,2.69
..Vormsi vald,2014,2.90541
..Vormsi vald,2015,2.9164
..Vormsi vald,2016,4.17983
..Kunda linn,2013,338.66
..Kunda linn,2014,326.37363
..Kunda linn,2015,319.84127
..Kunda linn,2016,311.11111
..Rakvere linn,2013,1463.44
..Rakvere linn,2014,1447.36842
..Rakvere linn,2015,1424.86034
..Rakvere linn,2016,1466.20112
..Haljala vald,2013,13.72
..Haljala vald,2014,13.46301
..Haljala vald,2015,13.4143
..Haljala vald,2016,13.57367
..Kadrina vald,2013,13.91
..Kadrina vald,2014,13.84403
..Kadrina vald,2015,13.83568
..Kadrina vald,2016,13.83285
..Laekvere vald,2013,4.24
..Laekvere vald,2014,4.18535
..Laekvere vald,2015,4.13791
..Laekvere vald,2016,4.29411
..Rakke vald,2013,7.12
..Rakke vald,2014,7.03502
..Rakke vald,2015,6.98358
..Rakke vald,2016,7.25954
..Rakvere vald,2013,16.99
..Rakvere vald,2014,16.61054
..Rakvere vald,2015,16.6052
..Rakvere vald,2016,16.13435
..Rägavere vald,2013,5.12
..Rägavere vald,2014,5.01324
..Rägavere vald,2015,4.92201
..Rägavere vald,2016,4.74292
..Sõmeru vald,2013,22.48
..Sõmeru vald,2014,21.97397
..Sõmeru vald,2015,21.92059
..Sõmeru vald,2016,20.47357
..Tamsalu vald,2013,17.8633
..Tamsalu vald,2014,17.74216
..Tamsalu vald,2015,17.47217
..Tamsalu vald,2016,17.718
..Tapa vald,2013,30.36
..Tapa vald,2014,29.69394
..Tapa vald,2015,29.30218
..Tapa vald,2016,28.69259
..Vihula vald,2013,4.59
..Vihula vald,2014,4.65027
..Vihula vald,2015,4.58706
..Vihula vald,2016,5.22445
..Vinni vald,2013,10.14
..Vinni vald,2014,9.95993
..Vinni vald,2015,9.85381
..Vinni vald,2016,9.61393
..Karksi vald,2013,10.01
..Karksi vald,2014,9.82734
..Karksi vald,2015,9.67341
..Karksi vald,2016,10.35704
..Kolga-Jaani vald,2013,4.22
..Kolga-Jaani vald,2014,4.18761
..Kolga-Jaani vald,2015,4.17412
..Kolga-Jaani vald,2016,4.56375
..Kõo vald,2013,6.86
..Kõo vald,2014,6.82457
..Kõo vald,2015,6.75187
..Kõo vald,2016,7.00616
..Kõpu vald,2013,2.71
..Kõpu vald,2014,2.62385
..Kõpu vald,2015,2.56826
..Kõpu vald,2016,2.44468
..Paistu vald,2013,10.97
..Pärsti vald,2013,17.09
..Saarepeedi vald,2013,13.4
..Suure-Jaani vald,2013,7.03
..Suure-Jaani vald,2014,6.98141
..Suure-Jaani vald,2015,6.8744
..Suure-Jaani vald,2016,7.06697
..Tarvastu vald,2013,8.21
..Tarvastu vald,2014,8.02934
..Tarvastu vald,2015,7.87411
..Tarvastu vald,2016,8.13373
..Viiratsi vald,2013,16.08
..Viljandi vald,2014,14.78309
..Viljandi vald,2015,14.62894
..Viljandi vald,2016,14.20315
..Võru linn,2013,908.45771
..Võru linn,2014,893.46127
..Võru linn,2015,892.40688
..Võru linn,2016,890.40115
..Antsla vald,2013,12.37
..Antsla vald,2014,12.16071
..Antsla vald,2015,12.04904
..Antsla vald,2016,12.27798
..Haanja vald,2013,5.77
..Haanja vald,2014,5.80747
..Haanja vald,2015,5.67231
..Haanja vald,2016,6.34549
..Lasva vald,2013,9.28
..Lasva vald,2014,9.28679
..Lasva vald,2015,9.24819
..Lasva vald,2016,9.77649
..Meremäe vald,2013,7.15
..Meremäe vald,2014,7.16072
..Meremäe vald,2015,6.9965
..Meremäe vald,2016,7.68944
..Misso vald,2013,3.1
..Misso vald,2014,3.18986
..Misso vald,2015,3.13378
..Misso vald,2016,3.34588
..Mõniste vald,2013,4.76
..Mõniste vald,2014,4.63377
..Mõniste vald,2015,4.58206
..Mõniste vald,2016,4.87127
..Rõuge vald,2013,7.46
..Rõuge vald,2014,7.38662
..Rõuge vald,2015,7.52108
..Rõuge vald,2016,8.19342
..Sõmerpalu vald,2013,9.64
..Sõmerpalu vald,2014,9.5916
..Sõmerpalu vald,2015,9.41441
..Sõmerpalu vald,2016,9.71049
..Urvaste vald,2013,8.27
..Urvaste vald,2014,8.23664
..Urvaste vald,2015,8.0965
..Urvaste vald,2016,9.0844
..Varstu vald,2013,5.97
..Varstu vald,2014,5.98957
..Varstu vald,2015,5.94772
..Varstu vald,2016,6.14071
..Vastseliina vald,2013,8.43
..Vastseliina vald,2014,8.34007
..Vastseliina vald,2015,8.30994
..Vastseliina vald,2016,8.92129
..Võru vald,2013,24.66236
..Võru vald,2014,24.24528
..Võru vald,2015,24.1821
..Võru vald,2016,23.38778
